Driver,LapNumber,LapTime,Compound,Stint,TyreLife
VER,1.0,87.159,MEDIUM,1.0,1
VER,2.0,84.859,MEDIUM,1.0,2
VER,3.0,83.512,MEDIUM,1.0,3
VER,4.0,83.262,MEDIUM,1.0,4
VER,5.0,83.588,MEDIUM,1.0,5
VER,6.0,83.576,MEDIUM,1.0,6
VER,7.0,83.31,MEDIUM,1.0,7
VER,8.0,83.139,MEDIUM,1.0,8
VER,9.0,83.101,MEDIUM,1.0,9
VER,10.0,83.088,MEDIUM,1.0,10
VER,11.0,83.066,MEDIUM,1.0,11
VER,12.0,83.014,MEDIUM,1.0,12
VER,13.0,83.254,MEDIUM,1.0,13
VER,14.0,83.118,MEDIUM,1.0,14
VER,15.0,83.077,MEDIUM,1.0,15
VER,16.0,83.001,MEDIUM,1.0,16
VER,17.0,82.89,MEDIUM,1.0,17
VER,18.0,82.727,MEDIUM,1.0,18
VER,19.0,82.838,MEDIUM,1.0,19
VER,20.0,82.857,MEDIUM,1.0,20
VER,21.0,82.919,MEDIUM,1.0,21
VER,22.0,82.733,MEDIUM,1.0,22
VER,23.0,82.782,MEDIUM,1.0,23
VER,24.0,82.817,MEDIUM,1.0,24
VER,25.0,82.97,MEDIUM,1.0,25
VER,26.0,82.937,MEDIUM,1.0,26
VER,27.0,83.015,MEDIUM,1.0,27
VER,28.0,83.031,MEDIUM,1.0,28
VER,29.0,82.811,MEDIUM,1.0,29
VER,30.0,82.928,MEDIUM,1.0,30
VER,31.0,82.941,MEDIUM,1.0,31
VER,32.0,82.89,MEDIUM,1.0,32
VER,33.0,82.943,MEDIUM,1.0,33
VER,34.0,82.795,MEDIUM,1.0,34
VER,35.0,82.651,MEDIUM,1.0,35
VER,36.0,82.699,MEDIUM,1.0,36
VER,37.0,87.432,MEDIUM,1.0,37
VER,38.0,102.349,HARD,2.0,1
VER,39.0,81.402,HARD,2.0,2
VER,40.0,81.625,HARD,2.0,3
VER,41.0,81.358,HARD,2.0,4
VER,42.0,81.445,HARD,2.0,5
VER,43.0,81.32,HARD,2.0,6
VER,44.0,81.289,HARD,2.0,7
VER,45.0,81.353,HARD,2.0,8
VER,46.0,81.325,HARD,2.0,9
VER,47.0,81.336,HARD,2.0,10
VER,48.0,81.316,HARD,2.0,11
VER,49.0,81.328,HARD,2.0,12
VER,50.0,81.297,HARD,2.0,13
VER,51.0,81.749,HARD,2.0,14
VER,52.0,81.003,HARD,2.0,15
VER,53.0,81.1,HARD,2.0,16
NOR,1.0,87.43,MEDIUM,1.0,1
NOR,2.0,83.889,MEDIUM,1.0,2
NOR,3.0,83.674,MEDIUM,1.0,3
NOR,4.0,84.819,MEDIUM,1.0,4
NOR,5.0,84.238,MEDIUM,1.0,5
NOR,6.0,83.887,MEDIUM,1.0,6
NOR,7.0,83.538,MEDIUM,1.0,7
NOR,8.0,83.518,MEDIUM,1.0,8
NOR,9.0,83.477,MEDIUM,1.0,9
NOR,10.0,83.416,MEDIUM,1.0,10
NOR,11.0,83.36,MEDIUM,1.0,11
NOR,12.0,83.294,MEDIUM,1.0,12
NOR,13.0,83.293,MEDIUM,1.0,13
NOR,14.0,83.509,MEDIUM,1.0,14
NOR,15.0,83.059,MEDIUM,1.0,15
NOR,16.0,83.089,MEDIUM,1.0,16
NOR,17.0,83.232,MEDIUM,1.0,17
NOR,18.0,83.189,MEDIUM,1.0,18
NOR,19.0,83.289,MEDIUM,1.0,19
NOR,20.0,83.049,MEDIUM,1.0,20
NOR,21.0,82.998,MEDIUM,1.0,21
NOR,22.0,82.965,MEDIUM,1.0,22
NOR,23.0,82.892,MEDIUM,1.0,23
NOR,24.0,82.967,MEDIUM,1.0,24
NOR,25.0,83.082,MEDIUM,1.0,25
NOR,26.0,82.841,MEDIUM,1.0,26
NOR,27.0,82.835,MEDIUM,1.0,27
NOR,28.0,83.072,MEDIUM,1.0,28
NOR,29.0,82.757,MEDIUM,1.0,29
NOR,30.0,82.639,MEDIUM,1.0,30
NOR,31.0,83.189,MEDIUM,1.0,31
NOR,32.0,82.776,MEDIUM,1.0,32
NOR,33.0,82.655,MEDIUM,1.0,33
NOR,34.0,82.554,MEDIUM,1.0,34
NOR,35.0,82.647,MEDIUM,1.0,35
NOR,36.0,82.638,MEDIUM,1.0,36
NOR,37.0,82.48,MEDIUM,1.0,37
NOR,38.0,82.809,MEDIUM,1.0,38
NOR,39.0,82.691,MEDIUM,1.0,39
NOR,40.0,82.621,MEDIUM,1.0,40
NOR,41.0,83.449,MEDIUM,1.0,41
NOR,42.0,82.59,MEDIUM,1.0,42
NOR,43.0,82.904,MEDIUM,1.0,43
NOR,44.0,82.388,MEDIUM,1.0,44
NOR,45.0,82.781,MEDIUM,1.0,45
NOR,46.0,87.287,MEDIUM,1.0,46
NOR,47.0,104.986,SOFT,2.0,3
NOR,48.0,81.038,SOFT,2.0,4
NOR,49.0,81.154,SOFT,2.0,5
NOR,50.0,81.123,SOFT,2.0,6
NOR,51.0,81.315,SOFT,2.0,7
NOR,52.0,81.259,SOFT,2.0,8
NOR,53.0,80.901,SOFT,2.0,9
PIA,1.0,87.992,MEDIUM,1.0,1
PIA,2.0,85.759,MEDIUM,1.0,2
PIA,3.0,85.117,MEDIUM,1.0,3
PIA,4.0,84.567,MEDIUM,1.0,4
PIA,5.0,84.358,MEDIUM,1.0,5
PIA,6.0,83.679,MEDIUM,1.0,6
PIA,7.0,83.738,MEDIUM,1.0,7
PIA,8.0,83.949,MEDIUM,1.0,8
PIA,9.0,83.685,MEDIUM,1.0,9
PIA,10.0,83.461,MEDIUM,1.0,10
PIA,11.0,83.897,MEDIUM,1.0,11
PIA,12.0,83.486,MEDIUM,1.0,12
PIA,13.0,83.598,MEDIUM,1.0,13
PIA,14.0,83.662,MEDIUM,1.0,14
PIA,15.0,83.385,MEDIUM,1.0,15
PIA,16.0,83.137,MEDIUM,1.0,16
PIA,17.0,83.336,MEDIUM,1.0,17
PIA,18.0,83.259,MEDIUM,1.0,18
PIA,19.0,83.359,MEDIUM,1.0,19
PIA,20.0,83.225,MEDIUM,1.0,20
PIA,21.0,82.956,MEDIUM,1.0,21
PIA,22.0,82.883,MEDIUM,1.0,22
PIA,23.0,82.957,MEDIUM,1.0,23
PIA,24.0,82.744,MEDIUM,1.0,24
PIA,25.0,83.27,MEDIUM,1.0,25
PIA,26.0,83.047,MEDIUM,1.0,26
PIA,27.0,82.796,MEDIUM,1.0,27
PIA,28.0,82.845,MEDIUM,1.0,28
PIA,29.0,82.7,MEDIUM,1.0,29
PIA,30.0,82.92,MEDIUM,1.0,30
PIA,31.0,82.816,MEDIUM,1.0,31
PIA,32.0,82.576,MEDIUM,1.0,32
PIA,33.0,83.271,MEDIUM,1.0,33
PIA,34.0,82.669,MEDIUM,1.0,34
PIA,35.0,82.588,MEDIUM,1.0,35
PIA,36.0,82.232,MEDIUM,1.0,36
PIA,37.0,82.425,MEDIUM,1.0,37
PIA,38.0,82.558,MEDIUM,1.0,38
PIA,39.0,82.402,MEDIUM,1.0,39
PIA,40.0,82.296,MEDIUM,1.0,40
PIA,41.0,82.619,MEDIUM,1.0,41
PIA,42.0,82.419,MEDIUM,1.0,42
PIA,43.0,82.369,MEDIUM,1.0,43
PIA,44.0,82.404,MEDIUM,1.0,44
PIA,45.0,86.609,MEDIUM,1.0,45
PIA,46.0,101.402,SOFT,2.0,4
PIA,47.0,81.245,SOFT,2.0,5
PIA,48.0,81.783,SOFT,2.0,6
PIA,49.0,83.484,SOFT,2.0,7
PIA,50.0,81.508,SOFT,2.0,8
PIA,51.0,81.477,SOFT,2.0,9
PIA,52.0,81.386,SOFT,2.0,10
PIA,53.0,81.371,SOFT,2.0,11
LEC,1.0,88.28,MEDIUM,1.0,1
LEC,2.0,85.178,MEDIUM,1.0,2
LEC,3.0,84.965,MEDIUM,1.0,3
LEC,4.0,84.525,MEDIUM,1.0,4
LEC,5.0,84.441,MEDIUM,1.0,5
LEC,6.0,84.858,MEDIUM,1.0,6
LEC,7.0,83.974,MEDIUM,1.0,7
LEC,8.0,84.041,MEDIUM,1.0,8
LEC,9.0,84.052,MEDIUM,1.0,9
LEC,10.0,84.14,MEDIUM,1.0,10
LEC,11.0,84.036,MEDIUM,1.0,11
LEC,12.0,83.893,MEDIUM,1.0,12
LEC,13.0,83.683,MEDIUM,1.0,13
LEC,14.0,83.637,MEDIUM,1.0,14
LEC,15.0,83.635,MEDIUM,1.0,15
LEC,16.0,83.595,MEDIUM,1.0,16
LEC,17.0,83.67,MEDIUM,1.0,17
LEC,18.0,83.449,MEDIUM,1.0,18
LEC,19.0,83.491,MEDIUM,1.0,19
LEC,20.0,83.49,MEDIUM,1.0,20
LEC,21.0,83.494,MEDIUM,1.0,21
LEC,22.0,83.313,MEDIUM,1.0,22
LEC,23.0,83.152,MEDIUM,1.0,23
LEC,24.0,83.263,MEDIUM,1.0,24
LEC,25.0,83.111,MEDIUM,1.0,25
LEC,26.0,83.374,MEDIUM,1.0,26
LEC,27.0,82.98,MEDIUM,1.0,27
LEC,28.0,83.093,MEDIUM,1.0,28
LEC,29.0,82.736,MEDIUM,1.0,29
LEC,30.0,82.972,MEDIUM,1.0,30
LEC,31.0,82.857,MEDIUM,1.0,31
LEC,32.0,82.975,MEDIUM,1.0,32
LEC,33.0,87.019,MEDIUM,1.0,33
LEC,34.0,102.973,HARD,2.0,1
LEC,35.0,82.17,HARD,2.0,2
LEC,36.0,82.361,HARD,2.0,3
LEC,37.0,82.374,HARD,2.0,4
LEC,38.0,82.125,HARD,2.0,5
LEC,39.0,82.431,HARD,2.0,6
LEC,40.0,82.298,HARD,2.0,7
LEC,41.0,82.272,HARD,2.0,8
LEC,42.0,82.035,HARD,2.0,9
LEC,43.0,81.818,HARD,2.0,10
LEC,44.0,81.738,HARD,2.0,11
LEC,45.0,81.673,HARD,2.0,12
LEC,46.0,81.975,HARD,2.0,13
LEC,47.0,81.846,HARD,2.0,14
LEC,48.0,81.586,HARD,2.0,15
LEC,49.0,82.219,HARD,2.0,16
LEC,50.0,81.575,HARD,2.0,17
LEC,51.0,81.901,HARD,2.0,18
LEC,52.0,81.913,HARD,2.0,19
LEC,53.0,81.294,HARD,2.0,20
RUS,1.0,88.907,MEDIUM,1.0,1
RUS,2.0,85.309,MEDIUM,1.0,2
RUS,3.0,85.346,MEDIUM,1.0,3
RUS,4.0,84.513,MEDIUM,1.0,4
RUS,5.0,84.344,MEDIUM,1.0,5
RUS,6.0,84.457,MEDIUM,1.0,6
RUS,7.0,83.94,MEDIUM,1.0,7
RUS,8.0,83.88,MEDIUM,1.0,8
RUS,9.0,84.068,MEDIUM,1.0,9
RUS,10.0,84.347,MEDIUM,1.0,10
RUS,11.0,84.124,MEDIUM,1.0,11
RUS,12.0,83.83,MEDIUM,1.0,12
RUS,13.0,83.569,MEDIUM,1.0,13
RUS,14.0,83.932,MEDIUM,1.0,14
RUS,15.0,83.837,MEDIUM,1.0,15
RUS,16.0,83.876,MEDIUM,1.0,16
RUS,17.0,83.786,MEDIUM,1.0,17
RUS,18.0,83.656,MEDIUM,1.0,18
RUS,19.0,83.756,MEDIUM,1.0,19
RUS,20.0,83.588,MEDIUM,1.0,20
RUS,21.0,83.432,MEDIUM,1.0,21
RUS,22.0,83.479,MEDIUM,1.0,22
RUS,23.0,83.641,MEDIUM,1.0,23
RUS,24.0,83.638,MEDIUM,1.0,24
RUS,25.0,83.765,MEDIUM,1.0,25
RUS,26.0,83.98,MEDIUM,1.0,26
RUS,27.0,87.978,MEDIUM,1.0,27
RUS,28.0,104.163,HARD,2.0,1
RUS,29.0,82.421,HARD,2.0,2
RUS,30.0,82.601,HARD,2.0,3
RUS,31.0,82.659,HARD,2.0,4
RUS,32.0,82.701,HARD,2.0,5
RUS,33.0,82.473,HARD,2.0,6
RUS,34.0,82.49,HARD,2.0,7
RUS,35.0,82.847,HARD,2.0,8
RUS,36.0,82.248,HARD,2.0,9
RUS,37.0,82.562,HARD,2.0,10
RUS,38.0,82.43,HARD,2.0,11
RUS,39.0,82.341,HARD,2.0,12
RUS,40.0,82.112,HARD,2.0,13
RUS,41.0,82.008,HARD,2.0,14
RUS,42.0,81.912,HARD,2.0,15
RUS,43.0,81.984,HARD,2.0,16
RUS,44.0,82.048,HARD,2.0,17
RUS,45.0,81.8,HARD,2.0,18
RUS,46.0,81.922,HARD,2.0,19
RUS,47.0,81.813,HARD,2.0,20
RUS,48.0,82.496,HARD,2.0,21
RUS,49.0,81.965,HARD,2.0,22
RUS,50.0,81.961,HARD,2.0,23
RUS,51.0,82.311,HARD,2.0,24
RUS,52.0,82.072,HARD,2.0,25
RUS,53.0,81.888,HARD,2.0,26
HAM,1.0,90.49,MEDIUM,1.0,1
HAM,2.0,85.502,MEDIUM,1.0,2
HAM,3.0,85.486,MEDIUM,1.0,3
HAM,4.0,84.744,MEDIUM,1.0,4
HAM,5.0,83.942,MEDIUM,1.0,5
HAM,6.0,84.175,MEDIUM,1.0,6
HAM,7.0,84.057,MEDIUM,1.0,7
HAM,8.0,84.646,MEDIUM,1.0,8
HAM,9.0,83.894,MEDIUM,1.0,9
HAM,10.0,83.824,MEDIUM,1.0,10
HAM,11.0,83.876,MEDIUM,1.0,11
HAM,12.0,84.336,MEDIUM,1.0,12
HAM,13.0,84.591,MEDIUM,1.0,13
HAM,14.0,83.879,MEDIUM,1.0,14
HAM,15.0,83.54,MEDIUM,1.0,15
HAM,16.0,83.743,MEDIUM,1.0,16
HAM,17.0,83.689,MEDIUM,1.0,17
HAM,18.0,83.702,MEDIUM,1.0,18
HAM,19.0,83.513,MEDIUM,1.0,19
HAM,20.0,83.408,MEDIUM,1.0,20
HAM,21.0,83.472,MEDIUM,1.0,21
HAM,22.0,83.446,MEDIUM,1.0,22
HAM,23.0,83.406,MEDIUM,1.0,23
HAM,24.0,83.675,MEDIUM,1.0,24
HAM,25.0,83.518,MEDIUM,1.0,25
HAM,26.0,83.961,MEDIUM,1.0,26
HAM,27.0,83.412,MEDIUM,1.0,27
HAM,28.0,83.398,MEDIUM,1.0,28
HAM,29.0,83.044,MEDIUM,1.0,29
HAM,30.0,83.463,MEDIUM,1.0,30
HAM,31.0,83.636,MEDIUM,1.0,31
HAM,32.0,83.208,MEDIUM,1.0,32
HAM,33.0,83.01,MEDIUM,1.0,33
HAM,34.0,83.291,MEDIUM,1.0,34
HAM,35.0,82.992,MEDIUM,1.0,35
HAM,36.0,82.99,MEDIUM,1.0,36
HAM,37.0,82.878,MEDIUM,1.0,37
HAM,38.0,87.181,MEDIUM,1.0,38
HAM,39.0,102.775,HARD,2.0,1
HAM,40.0,82.194,HARD,2.0,2
HAM,41.0,82.308,HARD,2.0,3
HAM,42.0,81.898,HARD,2.0,4
HAM,43.0,81.917,HARD,2.0,5
HAM,44.0,82.037,HARD,2.0,6
HAM,45.0,81.83,HARD,2.0,7
HAM,46.0,81.775,HARD,2.0,8
HAM,47.0,81.657,HARD,2.0,9
HAM,48.0,81.612,HARD,2.0,10
HAM,49.0,81.701,HARD,2.0,11
HAM,50.0,81.546,HARD,2.0,12
HAM,51.0,81.906,HARD,2.0,13
HAM,52.0,81.743,HARD,2.0,14
HAM,53.0,81.857,HARD,2.0,15
ALB,1.0,92.851,HARD,1.0,1
ALB,2.0,85.762,HARD,1.0,2
ALB,3.0,85.238,HARD,1.0,3
ALB,4.0,85.427,HARD,1.0,4
ALB,5.0,84.598,HARD,1.0,5
ALB,6.0,84.743,HARD,1.0,6
ALB,7.0,84.736,HARD,1.0,7
ALB,8.0,84.553,HARD,1.0,8
ALB,9.0,84.647,HARD,1.0,9
ALB,10.0,84.453,HARD,1.0,10
ALB,11.0,84.514,HARD,1.0,11
ALB,12.0,84.559,HARD,1.0,12
ALB,13.0,84.413,HARD,1.0,13
ALB,14.0,84.212,HARD,1.0,14
ALB,15.0,84.431,HARD,1.0,15
ALB,16.0,84.499,HARD,1.0,16
ALB,17.0,84.422,HARD,1.0,17
ALB,18.0,84.738,HARD,1.0,18
ALB,19.0,84.251,HARD,1.0,19
ALB,20.0,84.239,HARD,1.0,20
ALB,21.0,83.815,HARD,1.0,21
ALB,22.0,83.738,HARD,1.0,22
ALB,23.0,83.781,HARD,1.0,23
ALB,24.0,83.867,HARD,1.0,24
ALB,25.0,83.726,HARD,1.0,25
ALB,26.0,83.246,HARD,1.0,26
ALB,27.0,83.723,HARD,1.0,27
ALB,28.0,83.349,HARD,1.0,28
ALB,29.0,83.229,HARD,1.0,29
ALB,30.0,83.129,HARD,1.0,30
ALB,31.0,83.005,HARD,1.0,31
ALB,32.0,83.149,HARD,1.0,32
ALB,33.0,82.995,HARD,1.0,33
ALB,34.0,82.906,HARD,1.0,34
ALB,35.0,82.497,HARD,1.0,35
ALB,36.0,82.609,HARD,1.0,36
ALB,37.0,82.729,HARD,1.0,37
ALB,38.0,82.658,HARD,1.0,38
ALB,39.0,82.673,HARD,1.0,39
ALB,40.0,82.574,HARD,1.0,40
ALB,41.0,86.328,HARD,1.0,41
ALB,42.0,102.767,MEDIUM,2.0,1
ALB,43.0,81.899,MEDIUM,2.0,2
ALB,44.0,82.126,MEDIUM,2.0,3
ALB,45.0,82.034,MEDIUM,2.0,4
ALB,46.0,81.745,MEDIUM,2.0,5
ALB,47.0,81.63,MEDIUM,2.0,6
ALB,48.0,81.96,MEDIUM,2.0,7
ALB,49.0,82.693,MEDIUM,2.0,8
ALB,50.0,81.727,MEDIUM,2.0,9
ALB,51.0,82.053,MEDIUM,2.0,10
ALB,52.0,81.848,MEDIUM,2.0,11
ALB,53.0,81.368,MEDIUM,2.0,12
BOR,1.0,90.149,MEDIUM,1.0,1
BOR,2.0,84.823,MEDIUM,1.0,2
BOR,3.0,85.354,MEDIUM,1.0,3
BOR,4.0,84.744,MEDIUM,1.0,4
BOR,5.0,84.329,MEDIUM,1.0,5
BOR,6.0,84.602,MEDIUM,1.0,6
BOR,7.0,85.041,MEDIUM,1.0,7
BOR,8.0,84.729,MEDIUM,1.0,8
BOR,9.0,84.431,MEDIUM,1.0,9
BOR,10.0,84.517,MEDIUM,1.0,10
BOR,11.0,84.549,MEDIUM,1.0,11
BOR,12.0,84.529,MEDIUM,1.0,12
BOR,13.0,84.638,MEDIUM,1.0,13
BOR,14.0,84.327,MEDIUM,1.0,14
BOR,15.0,84.385,MEDIUM,1.0,15
BOR,16.0,84.127,MEDIUM,1.0,16
BOR,17.0,84.202,MEDIUM,1.0,17
BOR,18.0,84.241,MEDIUM,1.0,18
BOR,19.0,84.232,MEDIUM,1.0,19
BOR,20.0,88.759,MEDIUM,1.0,20
BOR,21.0,106.707,HARD,2.0,1
BOR,22.0,83.917,HARD,2.0,2
BOR,23.0,83.815,HARD,2.0,3
BOR,24.0,83.884,HARD,2.0,4
BOR,25.0,84.07,HARD,2.0,5
BOR,26.0,83.973,HARD,2.0,6
BOR,27.0,83.192,HARD,2.0,7
BOR,28.0,82.981,HARD,2.0,8
BOR,29.0,83.717,HARD,2.0,9
BOR,30.0,83.343,HARD,2.0,10
BOR,31.0,83.008,HARD,2.0,11
BOR,32.0,83.04,HARD,2.0,12
BOR,33.0,83.243,HARD,2.0,13
BOR,34.0,82.819,HARD,2.0,14
BOR,35.0,82.878,HARD,2.0,15
BOR,36.0,82.49,HARD,2.0,16
BOR,37.0,82.815,HARD,2.0,17
BOR,38.0,82.537,HARD,2.0,18
BOR,39.0,82.938,HARD,2.0,19
BOR,40.0,83.675,HARD,2.0,20
BOR,41.0,82.738,HARD,2.0,21
BOR,42.0,83.172,HARD,2.0,22
BOR,43.0,82.825,HARD,2.0,23
BOR,44.0,82.836,HARD,2.0,24
BOR,45.0,82.61,HARD,2.0,25
BOR,46.0,82.418,HARD,2.0,26
BOR,47.0,82.467,HARD,2.0,27
BOR,48.0,82.35,HARD,2.0,28
BOR,49.0,82.414,HARD,2.0,29
BOR,50.0,82.151,HARD,2.0,30
BOR,51.0,82.139,HARD,2.0,31
BOR,52.0,82.619,HARD,2.0,32
BOR,53.0,82.32,HARD,2.0,33
ANT,1.0,91.686,MEDIUM,1.0,1
ANT,2.0,85.453,MEDIUM,1.0,2
ANT,3.0,85.461,MEDIUM,1.0,3
ANT,4.0,84.841,MEDIUM,1.0,4
ANT,5.0,84.65,MEDIUM,1.0,5
ANT,6.0,85.08,MEDIUM,1.0,6
ANT,7.0,84.501,MEDIUM,1.0,7
ANT,8.0,84.398,MEDIUM,1.0,8
ANT,9.0,84.566,MEDIUM,1.0,9
ANT,10.0,84.571,MEDIUM,1.0,10
ANT,11.0,84.51,MEDIUM,1.0,11
ANT,12.0,84.447,MEDIUM,1.0,12
ANT,13.0,84.535,MEDIUM,1.0,13
ANT,14.0,84.382,MEDIUM,1.0,14
ANT,15.0,84.456,MEDIUM,1.0,15
ANT,16.0,84.516,MEDIUM,1.0,16
ANT,17.0,84.227,MEDIUM,1.0,17
ANT,18.0,83.979,MEDIUM,1.0,18
ANT,19.0,83.94,MEDIUM,1.0,19
ANT,20.0,83.746,MEDIUM,1.0,20
ANT,21.0,83.688,MEDIUM,1.0,21
ANT,22.0,83.295,MEDIUM,1.0,22
ANT,23.0,83.671,MEDIUM,1.0,23
ANT,24.0,83.515,MEDIUM,1.0,24
ANT,25.0,83.449,MEDIUM,1.0,25
ANT,26.0,84.699,MEDIUM,1.0,26
ANT,27.0,83.7,MEDIUM,1.0,27
ANT,28.0,87.75,MEDIUM,1.0,28
ANT,29.0,103.945,HARD,2.0,1
ANT,30.0,82.775,HARD,2.0,2
ANT,31.0,82.663,HARD,2.0,3
ANT,32.0,82.852,HARD,2.0,4
ANT,33.0,82.705,HARD,2.0,5
ANT,34.0,82.649,HARD,2.0,6
ANT,35.0,82.653,HARD,2.0,7
ANT,36.0,82.953,HARD,2.0,8
ANT,37.0,82.982,HARD,2.0,9
ANT,38.0,83.01,HARD,2.0,10
ANT,39.0,84.154,HARD,2.0,11
ANT,40.0,83.107,HARD,2.0,12
ANT,41.0,82.503,HARD,2.0,13
ANT,42.0,82.255,HARD,2.0,14
ANT,43.0,82.322,HARD,2.0,15
ANT,44.0,83.848,HARD,2.0,16
ANT,45.0,82.651,HARD,2.0,17
ANT,46.0,82.366,HARD,2.0,18
ANT,47.0,82.327,HARD,2.0,19
ANT,48.0,82.201,HARD,2.0,20
ANT,49.0,82.174,HARD,2.0,21
ANT,50.0,81.997,HARD,2.0,22
ANT,51.0,82.207,HARD,2.0,23
ANT,52.0,82.108,HARD,2.0,24
ANT,53.0,81.968,HARD,2.0,25
HAD,1.0,94.878,HARD,1.0,2
HAD,2.0,86.732,HARD,1.0,3
HAD,3.0,85.467,HARD,1.0,4
HAD,4.0,85.218,HARD,1.0,5
HAD,5.0,84.887,HARD,1.0,6
HAD,6.0,84.924,HARD,1.0,7
HAD,7.0,84.606,HARD,1.0,8
HAD,8.0,85.728,HARD,1.0,9
HAD,9.0,84.167,HARD,1.0,10
HAD,10.0,84.864,HARD,1.0,11
HAD,11.0,84.649,HARD,1.0,12
HAD,12.0,84.595,HARD,1.0,13
HAD,13.0,84.081,HARD,1.0,14
HAD,14.0,84.182,HARD,1.0,15
HAD,15.0,84.036,HARD,1.0,16
HAD,16.0,84.287,HARD,1.0,17
HAD,17.0,84.447,HARD,1.0,18
HAD,18.0,84.032,HARD,1.0,19
HAD,19.0,84.242,HARD,1.0,20
HAD,20.0,84.14,HARD,1.0,21
HAD,21.0,84.122,HARD,1.0,22
HAD,22.0,83.844,HARD,1.0,23
HAD,23.0,83.973,HARD,1.0,24
HAD,24.0,83.801,HARD,1.0,25
HAD,25.0,83.882,HARD,1.0,26
HAD,26.0,84.026,HARD,1.0,27
HAD,27.0,83.885,HARD,1.0,28
HAD,28.0,83.686,HARD,1.0,29
HAD,29.0,83.389,HARD,1.0,30
HAD,30.0,83.701,HARD,1.0,31
HAD,31.0,83.431,HARD,1.0,32
HAD,32.0,88.342,HARD,1.0,33
HAD,33.0,102.992,MEDIUM,2.0,1
HAD,34.0,82.657,MEDIUM,2.0,2
HAD,35.0,82.581,MEDIUM,2.0,3
HAD,36.0,82.702,MEDIUM,2.0,4
HAD,37.0,82.998,MEDIUM,2.0,5
HAD,38.0,83.082,MEDIUM,2.0,6
HAD,39.0,82.745,MEDIUM,2.0,7
HAD,40.0,83.752,MEDIUM,2.0,8
HAD,41.0,82.525,MEDIUM,2.0,9
HAD,42.0,82.595,MEDIUM,2.0,10
HAD,43.0,82.448,MEDIUM,2.0,11
HAD,44.0,82.427,MEDIUM,2.0,12
HAD,45.0,82.33,MEDIUM,2.0,13
HAD,46.0,82.133,MEDIUM,2.0,14
HAD,47.0,82.209,MEDIUM,2.0,15
HAD,48.0,82.239,MEDIUM,2.0,16
HAD,49.0,82.269,MEDIUM,2.0,17
HAD,50.0,82.311,MEDIUM,2.0,18
HAD,51.0,82.226,MEDIUM,2.0,19
HAD,52.0,82.215,MEDIUM,2.0,20
HAD,53.0,82.536,MEDIUM,2.0,21
SAI,1.0,92.424,MEDIUM,1.0,1
SAI,2.0,85.628,MEDIUM,1.0,2
SAI,3.0,85.414,MEDIUM,1.0,3
SAI,4.0,85.204,MEDIUM,1.0,4
SAI,5.0,84.727,MEDIUM,1.0,5
SAI,6.0,84.704,MEDIUM,1.0,6
SAI,7.0,84.676,MEDIUM,1.0,7
SAI,8.0,84.704,MEDIUM,1.0,8
SAI,9.0,84.389,MEDIUM,1.0,9
SAI,10.0,84.483,MEDIUM,1.0,10
SAI,11.0,84.592,MEDIUM,1.0,11
SAI,12.0,84.557,MEDIUM,1.0,12
SAI,13.0,84.449,MEDIUM,1.0,13
SAI,14.0,84.327,MEDIUM,1.0,14
SAI,15.0,84.395,MEDIUM,1.0,15
SAI,16.0,84.478,MEDIUM,1.0,16
SAI,17.0,84.342,MEDIUM,1.0,17
SAI,18.0,84.788,MEDIUM,1.0,18
SAI,19.0,84.162,MEDIUM,1.0,19
SAI,20.0,84.213,MEDIUM,1.0,20
SAI,21.0,83.814,MEDIUM,1.0,21
SAI,22.0,83.702,MEDIUM,1.0,22
SAI,23.0,83.827,MEDIUM,1.0,23
SAI,24.0,83.837,MEDIUM,1.0,24
SAI,25.0,85.082,MEDIUM,1.0,25
SAI,26.0,83.886,MEDIUM,1.0,26
SAI,27.0,83.968,MEDIUM,1.0,27
SAI,28.0,83.552,MEDIUM,1.0,28
SAI,29.0,83.857,MEDIUM,1.0,29
SAI,30.0,87.825,MEDIUM,1.0,30
SAI,31.0,103.832,HARD,2.0,1
SAI,32.0,82.625,HARD,2.0,2
SAI,33.0,82.515,HARD,2.0,3
SAI,34.0,82.465,HARD,2.0,4
SAI,35.0,82.68,HARD,2.0,5
SAI,36.0,82.635,HARD,2.0,6
SAI,37.0,82.821,HARD,2.0,7
SAI,38.0,82.564,HARD,2.0,8
SAI,39.0,82.991,HARD,2.0,9
SAI,40.0,89.703,HARD,2.0,10
SAI,41.0,82.738,HARD,2.0,11
SAI,42.0,82.482,HARD,2.0,12
SAI,43.0,82.524,HARD,2.0,13
SAI,44.0,82.523,HARD,2.0,14
SAI,45.0,82.323,HARD,2.0,15
SAI,46.0,82.101,HARD,2.0,16
SAI,47.0,81.74,HARD,2.0,17
SAI,48.0,82.364,HARD,2.0,18
SAI,49.0,82.155,HARD,2.0,19
SAI,50.0,82.379,HARD,2.0,20
SAI,51.0,82.198,HARD,2.0,21
SAI,52.0,82.048,HARD,2.0,22
SAI,53.0,82.382,HARD,2.0,23
BEA,1.0,91.914,MEDIUM,1.0,1
BEA,2.0,85.671,MEDIUM,1.0,2
BEA,3.0,85.42,MEDIUM,1.0,3
BEA,4.0,84.885,MEDIUM,1.0,4
BEA,5.0,84.829,MEDIUM,1.0,5
BEA,6.0,84.745,MEDIUM,1.0,6
BEA,7.0,84.625,MEDIUM,1.0,7
BEA,8.0,84.494,MEDIUM,1.0,8
BEA,9.0,84.52,MEDIUM,1.0,9
BEA,10.0,84.534,MEDIUM,1.0,10
BEA,11.0,84.662,MEDIUM,1.0,11
BEA,12.0,84.559,MEDIUM,1.0,12
BEA,13.0,84.423,MEDIUM,1.0,13
BEA,14.0,84.296,MEDIUM,1.0,14
BEA,15.0,84.514,MEDIUM,1.0,15
BEA,16.0,84.385,MEDIUM,1.0,16
BEA,17.0,84.301,MEDIUM,1.0,17
BEA,18.0,89.433,MEDIUM,1.0,18
BEA,19.0,104.769,HARD,2.0,1
BEA,20.0,83.028,HARD,2.0,2
BEA,21.0,84.118,HARD,2.0,3
BEA,22.0,84.474,HARD,2.0,4
BEA,23.0,84.261,HARD,2.0,5
BEA,24.0,84.118,HARD,2.0,6
BEA,25.0,83.952,HARD,2.0,7
BEA,26.0,83.879,HARD,2.0,8
BEA,27.0,83.514,HARD,2.0,9
BEA,28.0,83.334,HARD,2.0,10
BEA,29.0,83.368,HARD,2.0,11
BEA,30.0,83.22,HARD,2.0,12
BEA,31.0,83.182,HARD,2.0,13
BEA,32.0,83.182,HARD,2.0,14
BEA,33.0,83.055,HARD,2.0,15
BEA,34.0,82.911,HARD,2.0,16
BEA,35.0,82.936,HARD,2.0,17
BEA,36.0,82.645,HARD,2.0,18
BEA,37.0,82.581,HARD,2.0,19
BEA,38.0,82.803,HARD,2.0,20
BEA,39.0,83.186,HARD,2.0,21
BEA,40.0,93.514,HARD,2.0,22
BEA,41.0,82.926,HARD,2.0,23
BEA,42.0,82.82,HARD,2.0,24
BEA,43.0,82.518,HARD,2.0,25
BEA,44.0,82.709,HARD,2.0,26
BEA,45.0,82.616,HARD,2.0,27
BEA,46.0,82.319,HARD,2.0,28
BEA,47.0,82.403,HARD,2.0,29
BEA,48.0,82.378,HARD,2.0,30
BEA,49.0,82.511,HARD,2.0,31
BEA,50.0,82.066,HARD,2.0,32
BEA,51.0,82.128,HARD,2.0,33
BEA,52.0,82.159,HARD,2.0,34
BEA,53.0,81.82,HARD,2.0,35
TSU,1.0,91.278,MEDIUM,1.0,1
TSU,2.0,85.349,MEDIUM,1.0,2
TSU,3.0,85.526,MEDIUM,1.0,3
TSU,4.0,84.871,MEDIUM,1.0,4
TSU,5.0,84.594,MEDIUM,1.0,5
TSU,6.0,84.897,MEDIUM,1.0,6
TSU,7.0,84.656,MEDIUM,1.0,7
TSU,8.0,84.453,MEDIUM,1.0,8
TSU,9.0,84.53,MEDIUM,1.0,9
TSU,10.0,84.449,MEDIUM,1.0,10
TSU,11.0,84.414,MEDIUM,1.0,11
TSU,12.0,84.483,MEDIUM,1.0,12
TSU,13.0,84.506,MEDIUM,1.0,13
TSU,14.0,84.493,MEDIUM,1.0,14
TSU,15.0,84.395,MEDIUM,1.0,15
TSU,16.0,84.526,MEDIUM,1.0,16
TSU,17.0,84.35,MEDIUM,1.0,17
TSU,18.0,85.287,MEDIUM,1.0,18
TSU,19.0,88.943,MEDIUM,1.0,19
TSU,20.0,105.127,HARD,2.0,1
TSU,21.0,83.884,HARD,2.0,2
TSU,22.0,84.099,HARD,2.0,3
TSU,23.0,84.256,HARD,2.0,4
TSU,24.0,84.238,HARD,2.0,5
TSU,25.0,84.722,HARD,2.0,6
TSU,26.0,84.384,HARD,2.0,7
TSU,27.0,86.182,HARD,2.0,8
TSU,28.0,84.258,HARD,2.0,9
TSU,29.0,83.884,HARD,2.0,10
TSU,30.0,83.732,HARD,2.0,11
TSU,31.0,83.732,HARD,2.0,12
TSU,32.0,83.682,HARD,2.0,13
TSU,33.0,83.505,HARD,2.0,14
TSU,34.0,83.647,HARD,2.0,15
TSU,35.0,83.501,HARD,2.0,16
TSU,36.0,83.619,HARD,2.0,17
TSU,37.0,83.34,HARD,2.0,18
TSU,38.0,83.793,HARD,2.0,19
TSU,39.0,83.403,HARD,2.0,20
TSU,40.0,84.648,HARD,2.0,21
TSU,41.0,83.26,HARD,2.0,22
TSU,42.0,83.277,HARD,2.0,23
TSU,43.0,83.048,HARD,2.0,24
TSU,44.0,83.091,HARD,2.0,25
TSU,45.0,83.037,HARD,2.0,26
TSU,46.0,83.236,HARD,2.0,27
TSU,47.0,83.031,HARD,2.0,28
TSU,48.0,82.8,HARD,2.0,29
TSU,49.0,82.946,HARD,2.0,30
TSU,50.0,82.83,HARD,2.0,31
TSU,51.0,82.997,HARD,2.0,32
TSU,52.0,82.712,HARD,2.0,33
TSU,53.0,83.125,HARD,2.0,34
LAW,1.0,93.554,SOFT,1.0,1
LAW,2.0,86.251,SOFT,1.0,2
LAW,3.0,84.942,SOFT,1.0,3
LAW,4.0,85.404,SOFT,1.0,4
LAW,5.0,84.828,SOFT,1.0,5
LAW,6.0,84.656,SOFT,1.0,6
LAW,7.0,84.85,SOFT,1.0,7
LAW,8.0,84.725,SOFT,1.0,8
LAW,9.0,88.824,SOFT,1.0,9
LAW,10.0,105.148,HARD,2.0,1
LAW,11.0,83.879,HARD,2.0,2
LAW,12.0,84.214,HARD,2.0,3
LAW,13.0,83.95,HARD,2.0,4
LAW,14.0,83.849,HARD,2.0,5
LAW,15.0,83.949,HARD,2.0,6
LAW,16.0,83.753,HARD,2.0,7
LAW,17.0,83.821,HARD,2.0,8
LAW,18.0,84.044,HARD,2.0,9
LAW,19.0,83.877,HARD,2.0,10
LAW,20.0,83.764,HARD,2.0,11
LAW,21.0,84.735,HARD,2.0,12
LAW,22.0,85.2,HARD,2.0,13
LAW,23.0,84.165,HARD,2.0,14
LAW,24.0,84.185,HARD,2.0,15
LAW,25.0,85.332,HARD,2.0,16
LAW,26.0,84.202,HARD,2.0,17
LAW,27.0,87.448,HARD,2.0,18
LAW,28.0,84.5,HARD,2.0,19
LAW,29.0,83.939,HARD,2.0,20
LAW,30.0,83.69,HARD,2.0,21
LAW,31.0,83.652,HARD,2.0,22
LAW,32.0,83.657,HARD,2.0,23
LAW,33.0,83.656,HARD,2.0,24
LAW,34.0,83.574,HARD,2.0,25
LAW,35.0,83.415,HARD,2.0,26
LAW,36.0,83.615,HARD,2.0,27
LAW,37.0,83.347,HARD,2.0,28
LAW,38.0,83.802,HARD,2.0,29
LAW,39.0,83.386,HARD,2.0,30
LAW,40.0,84.504,HARD,2.0,31
LAW,41.0,83.487,HARD,2.0,32
LAW,42.0,83.334,HARD,2.0,33
LAW,43.0,82.985,HARD,2.0,34
LAW,44.0,83.09,HARD,2.0,35
LAW,45.0,83.08,HARD,2.0,36
LAW,46.0,83.189,HARD,2.0,37
LAW,47.0,83.003,HARD,2.0,38
LAW,48.0,82.798,HARD,2.0,39
LAW,49.0,82.777,HARD,2.0,40
LAW,50.0,83.051,HARD,2.0,41
LAW,51.0,83.059,HARD,2.0,42
LAW,52.0,82.914,HARD,2.0,43
LAW,53.0,83.623,HARD,2.0,44
OCO,1.0,93.184,HARD,1.0,1
OCO,2.0,85.897,HARD,1.0,2
OCO,3.0,85.155,HARD,1.0,3
OCO,4.0,85.435,HARD,1.0,4
OCO,5.0,84.685,HARD,1.0,5
OCO,6.0,84.65,HARD,1.0,6
OCO,7.0,84.85,HARD,1.0,7
OCO,8.0,84.608,HARD,1.0,8
OCO,9.0,84.657,HARD,1.0,9
OCO,10.0,84.466,HARD,1.0,10
OCO,11.0,84.489,HARD,1.0,11
OCO,12.0,84.509,HARD,1.0,12
OCO,13.0,84.474,HARD,1.0,13
OCO,14.0,84.203,HARD,1.0,14
OCO,15.0,84.494,HARD,1.0,15
OCO,16.0,84.481,HARD,1.0,16
OCO,17.0,84.394,HARD,1.0,17
OCO,18.0,84.639,HARD,1.0,18
OCO,19.0,84.425,HARD,1.0,19
OCO,20.0,84.21,HARD,1.0,20
OCO,21.0,84.006,HARD,1.0,21
OCO,22.0,83.713,HARD,1.0,22
OCO,23.0,83.79,HARD,1.0,23
OCO,24.0,83.998,HARD,1.0,24
OCO,25.0,84.249,HARD,1.0,25
OCO,26.0,83.974,HARD,1.0,26
OCO,27.0,83.945,HARD,1.0,27
OCO,28.0,83.74,HARD,1.0,28
OCO,29.0,83.649,HARD,1.0,29
OCO,30.0,83.632,HARD,1.0,30
OCO,31.0,83.849,HARD,1.0,31
OCO,32.0,83.916,HARD,1.0,32
OCO,33.0,83.711,HARD,1.0,33
OCO,34.0,83.592,HARD,1.0,34
OCO,35.0,83.408,HARD,1.0,35
OCO,36.0,83.703,HARD,1.0,36
OCO,37.0,83.457,HARD,1.0,37
OCO,38.0,83.384,HARD,1.0,38
OCO,39.0,83.377,HARD,1.0,39
OCO,40.0,83.346,HARD,1.0,40
OCO,41.0,83.491,HARD,1.0,41
OCO,42.0,83.541,HARD,1.0,42
OCO,43.0,83.187,HARD,1.0,43
OCO,44.0,83.124,HARD,1.0,44
OCO,45.0,83.136,HARD,1.0,45
OCO,46.0,82.997,HARD,1.0,46
OCO,47.0,83.121,HARD,1.0,47
OCO,48.0,82.892,HARD,1.0,48
OCO,49.0,83.064,HARD,1.0,49
OCO,50.0,83.151,HARD,1.0,50
OCO,51.0,87.687,HARD,1.0,51
OCO,52.0,110.725,SOFT,2.0,1
GAS,1.0,95.676,HARD,1.0,1
GAS,2.0,86.563,HARD,1.0,2
GAS,3.0,85.506,HARD,1.0,3
GAS,4.0,85.32,HARD,1.0,4
GAS,5.0,85.991,HARD,1.0,5
GAS,6.0,84.987,HARD,1.0,6
GAS,7.0,84.772,HARD,1.0,7
GAS,8.0,85.158,HARD,1.0,8
GAS,9.0,84.868,HARD,1.0,9
GAS,10.0,84.56,HARD,1.0,10
GAS,11.0,84.667,HARD,1.0,11
GAS,12.0,84.863,HARD,1.0,12
GAS,13.0,84.784,HARD,1.0,13
GAS,14.0,85.114,HARD,1.0,14
GAS,15.0,85.448,HARD,1.0,15
GAS,16.0,84.524,HARD,1.0,16
GAS,17.0,84.373,HARD,1.0,17
GAS,18.0,84.841,HARD,1.0,18
GAS,19.0,84.294,HARD,1.0,19
GAS,20.0,84.249,HARD,1.0,20
GAS,21.0,84.125,HARD,1.0,21
GAS,22.0,84.103,HARD,1.0,22
GAS,23.0,84.419,HARD,1.0,23
GAS,24.0,84.292,HARD,1.0,24
GAS,25.0,84.106,HARD,1.0,25
GAS,26.0,84.113,HARD,1.0,26
GAS,27.0,83.997,HARD,1.0,27
GAS,28.0,84.133,HARD,1.0,28
GAS,29.0,83.927,HARD,1.0,29
GAS,30.0,83.751,HARD,1.0,30
GAS,31.0,83.893,HARD,1.0,31
GAS,32.0,83.761,HARD,1.0,32
GAS,33.0,84.437,HARD,1.0,33
GAS,34.0,83.672,HARD,1.0,34
GAS,35.0,83.32,HARD,1.0,35
GAS,36.0,83.193,HARD,1.0,36
GAS,37.0,83.394,HARD,1.0,37
GAS,38.0,83.166,HARD,1.0,38
GAS,39.0,85.273,HARD,1.0,39
GAS,40.0,83.782,HARD,1.0,40
GAS,41.0,83.877,HARD,1.0,41
GAS,42.0,83.447,HARD,1.0,42
GAS,43.0,83.363,HARD,1.0,43
GAS,44.0,83.185,HARD,1.0,44
GAS,45.0,82.9,HARD,1.0,45
GAS,46.0,82.797,HARD,1.0,46
GAS,47.0,82.951,HARD,1.0,47
GAS,48.0,82.81,HARD,1.0,48
GAS,49.0,87.335,HARD,1.0,49
GAS,50.0,103.573,SOFT,2.0,1
GAS,51.0,82.324,SOFT,2.0,2
GAS,52.0,82.185,SOFT,2.0,3
COL,1.0,94.322,MEDIUM,1.0,1
COL,2.0,86.775,MEDIUM,1.0,2
COL,3.0,85.346,MEDIUM,1.0,3
COL,4.0,85.04,MEDIUM,1.0,4
COL,5.0,84.945,MEDIUM,1.0,5
COL,6.0,84.944,MEDIUM,1.0,6
COL,7.0,84.886,MEDIUM,1.0,7
COL,8.0,85.104,MEDIUM,1.0,8
COL,9.0,84.816,MEDIUM,1.0,9
COL,10.0,84.728,MEDIUM,1.0,10
COL,11.0,84.768,MEDIUM,1.0,11
COL,12.0,84.706,MEDIUM,1.0,12
COL,13.0,85.813,MEDIUM,1.0,13
COL,14.0,84.952,MEDIUM,1.0,14
COL,15.0,84.773,MEDIUM,1.0,15
COL,16.0,85.019,MEDIUM,1.0,16
COL,17.0,84.434,MEDIUM,1.0,17
COL,18.0,84.414,MEDIUM,1.0,18
COL,19.0,84.427,MEDIUM,1.0,19
COL,20.0,84.292,MEDIUM,1.0,20
COL,21.0,84.399,MEDIUM,1.0,21
COL,22.0,84.111,MEDIUM,1.0,22
COL,23.0,84.458,MEDIUM,1.0,23
COL,24.0,84.334,MEDIUM,1.0,24
COL,25.0,84.168,MEDIUM,1.0,25
COL,26.0,84.215,MEDIUM,1.0,26
COL,27.0,83.949,MEDIUM,1.0,27
COL,28.0,84.844,MEDIUM,1.0,28
COL,29.0,83.793,MEDIUM,1.0,29
COL,30.0,85.753,MEDIUM,1.0,30
COL,31.0,84.216,MEDIUM,1.0,31
COL,32.0,84.319,MEDIUM,1.0,32
COL,33.0,88.479,MEDIUM,1.0,33
COL,34.0,104.819,HARD,2.0,1
COL,35.0,83.089,HARD,2.0,2
COL,36.0,82.919,HARD,2.0,3
COL,37.0,83.058,HARD,2.0,4
COL,38.0,82.894,HARD,2.0,5
COL,39.0,85.047,HARD,2.0,6
COL,40.0,83.171,HARD,2.0,7
COL,41.0,83.2,HARD,2.0,8
COL,42.0,83.07,HARD,2.0,9
COL,43.0,82.622,HARD,2.0,10
COL,44.0,82.64,HARD,2.0,11
COL,45.0,82.573,HARD,2.0,12
COL,46.0,82.818,HARD,2.0,13
COL,47.0,82.833,HARD,2.0,14
COL,48.0,82.239,HARD,2.0,15
COL,49.0,83.22,HARD,2.0,16
COL,50.0,85.035,HARD,2.0,17
COL,51.0,84.26,HARD,2.0,18
COL,52.0,82.724,HARD,2.0,19
STR,1.0,93.936,HARD,1.0,2
STR,2.0,86.506,HARD,1.0,3
STR,3.0,85.064,HARD,1.0,4
STR,4.0,85.209,HARD,1.0,5
STR,5.0,84.915,HARD,1.0,6
STR,6.0,84.813,HARD,1.0,7
STR,7.0,84.678,HARD,1.0,8
STR,8.0,84.835,HARD,1.0,9
STR,9.0,84.541,HARD,1.0,10
STR,10.0,84.209,HARD,1.0,11
STR,11.0,84.362,HARD,1.0,12
STR,12.0,84.528,HARD,1.0,13
STR,13.0,84.253,HARD,1.0,14
STR,14.0,84.301,HARD,1.0,15
STR,15.0,84.405,HARD,1.0,16
STR,16.0,84.429,HARD,1.0,17
STR,17.0,84.365,HARD,1.0,18
STR,18.0,84.522,HARD,1.0,19
STR,19.0,84.615,HARD,1.0,20
STR,20.0,84.197,HARD,1.0,21
STR,21.0,84.116,HARD,1.0,22
STR,22.0,83.927,HARD,1.0,23
STR,23.0,83.991,HARD,1.0,24
STR,24.0,83.878,HARD,1.0,25
STR,25.0,83.871,HARD,1.0,26
STR,26.0,84.187,HARD,1.0,27
STR,27.0,83.768,HARD,1.0,28
STR,28.0,83.861,HARD,1.0,29
STR,29.0,83.673,HARD,1.0,30
STR,30.0,83.585,HARD,1.0,31
STR,31.0,83.571,HARD,1.0,32
STR,32.0,84.081,HARD,1.0,33
STR,33.0,83.719,HARD,1.0,34
STR,34.0,83.459,HARD,1.0,35
STR,35.0,84.333,HARD,1.0,36
STR,36.0,83.589,HARD,1.0,37
STR,37.0,83.569,HARD,1.0,38
STR,38.0,83.224,HARD,1.0,39
STR,39.0,83.348,HARD,1.0,40
STR,40.0,83.183,HARD,1.0,41
STR,41.0,83.926,HARD,1.0,42
STR,42.0,83.424,HARD,1.0,43
STR,43.0,83.417,HARD,1.0,44
STR,44.0,83.314,HARD,1.0,45
STR,45.0,83.11,HARD,1.0,46
STR,46.0,83.166,HARD,1.0,47
STR,47.0,83.003,HARD,1.0,48
STR,48.0,83.123,HARD,1.0,49
STR,49.0,88.053,HARD,1.0,50
STR,50.0,117.028,SOFT,2.0,1
STR,51.0,82.164,SOFT,2.0,2
STR,52.0,82.282,SOFT,2.0,3
ALO,1.0,89.645,MEDIUM,1.0,2
ALO,2.0,85.926,MEDIUM,1.0,3
ALO,3.0,85.403,MEDIUM,1.0,4
ALO,4.0,84.861,MEDIUM,1.0,5
ALO,5.0,85.129,MEDIUM,1.0,6
ALO,6.0,84.196,MEDIUM,1.0,7
ALO,7.0,84.623,MEDIUM,1.0,8
ALO,8.0,84.724,MEDIUM,1.0,9
ALO,9.0,84.485,MEDIUM,1.0,10
ALO,10.0,84.506,MEDIUM,1.0,11
ALO,11.0,84.46,MEDIUM,1.0,12
ALO,12.0,84.624,MEDIUM,1.0,13
ALO,13.0,84.577,MEDIUM,1.0,14
ALO,14.0,84.396,MEDIUM,1.0,15
ALO,15.0,84.276,MEDIUM,1.0,16
ALO,16.0,84.206,MEDIUM,1.0,17
ALO,17.0,84.224,MEDIUM,1.0,18
ALO,18.0,84.146,MEDIUM,1.0,19
ALO,19.0,84.185,MEDIUM,1.0,20
ALO,20.0,88.466,MEDIUM,1.0,21
ALO,21.0,105.19,HARD,2.0,2
ALO,22.0,84.078,HARD,2.0,3
ALO,23.0,83.757,HARD,2.0,4
ALO,24.0,107.419,HARD,2.0,5
